"table_order","common_name_published","scientific_name_published","accepted_name","fishery_published","exploitation_status_published","in_species_frame_v7","rfbf_scope_v7","modelled_v7","n_model_records_v7","n_analysis_records_v7","model_status_v7","source_table_note","accepted_name","search_names","common_name","taxon_group","model_scope","rfbf_scope","scope_note"
1,"Baardman","Umbrina sp.","Umbrina robinsoni","Recreational","Susceptible to overfishing",TRUE,TRUE,TRUE,27,27,"modelled","Table 2 pools kelp forest and temperate reef ecosystems; listing alone is not species-specific evidence of a kelp relationship.","Umbrina robinsoni","Umbrina robinsoni | Bardman","Bardman","fish","true","true","Regular distribution overlaps the Ecklonia maxima coast and the species is in the linefish or motivating service-assessment frame."
2,"Black musselcracker","Cymatoceps nasutus","Cymatoceps nasutus","Recreational","Unknown, but vulnerable to fishing pressure",TRUE,TRUE,TRUE,46,46,"modelled","Table 2 pools kelp forest and temperate reef ecosystems; listing alone is not species-specific evidence of a kelp relationship.","Cymatoceps nasutus","Cymatoceps nasutus | Poenskop","Poenskop","fish","true","true","Regular distribution overlaps the Ecklonia maxima coast and the species is in the linefish or motivating service-assessment frame."
3,"Blacktail","Diplodus sargus capensis","Diplodus capensis","Recreational","Susceptible to overfishing",TRUE,TRUE,TRUE,145,145,"modelled","Table 2 pools kelp forest and temperate reef ecosystems; listing alone is not species-specific evidence of a kelp relationship.","Diplodus capensis","Diplodus capensis | Diplodus sargus capensis | Sargus capensis | Blacktail","Blacktail","fish","true","true","Regular distribution overlaps the Ecklonia maxima coast and the species is in the linefish or motivating service-assessment frame."
4,"Bronze bream","Pachymetopon grande","Pachymetopon grande","Recreational","IUCN near threatened",TRUE,TRUE,TRUE,42,42,"modelled","Table 2 pools kelp forest and temperate reef ecosystems; listing alone is not species-specific evidence of a kelp relationship.","Pachymetopon grande","Pachymetopon grande | Bronze bream","Bronze bream","fish","true","true","Regular distribution overlaps the Ecklonia maxima coast and the species is in the linefish or motivating service-assessment frame."
5,"Cape knifejaw","Oplegnathus conwayi","Oplegnathus conwayi","Recreational","Unknown",TRUE,TRUE,TRUE,20,20,"modelled","Table 2 pools kelp forest and temperate reef ecosystems; listing alone is not species-specific evidence of a kelp relationship.","Oplegnathus conwayi","Oplegnathus conwayi | Cape knifejaw","Cape knifejaw","fish","true","true","Regular distribution overlaps the Ecklonia maxima coast and the species is in the linefish or motivating service-assessment frame."
6,"Cape stumpnose","Rhabdosargus holubi","Rhabdosargus holubi","Recreational","IUCN least concern",TRUE,TRUE,TRUE,129,129,"modelled","Table 2 pools kelp forest and temperate reef ecosystems; listing alone is not species-specific evidence of a kelp relationship.","Rhabdosargus holubi","Rhabdosargus holubi | Cape stumpnose","Cape stumpnose","fish","true","true","Regular distribution overlaps the Ecklonia maxima coast and the species is in the linefish or motivating service-assessment frame."
7,"Carpenter","Argyrozona argyrozona","Argyrozona argyrozona","Commercial & recreational","Optimally exploited (previously overfished)",TRUE,TRUE,TRUE,53,54,"modelled","Table 2 pools kelp forest and temperate reef ecosystems; listing alone is not species-specific evidence of a kelp relationship.","Argyrozona argyrozona","Argyrozona argyrozona | Carpenter | silverfish","Carpenter/silverfish","fish","true","true","Regular distribution overlaps the Ecklonia maxima coast and the species is in the linefish or motivating service-assessment frame."
8,"Common smooth-hound shark","Mustelus mustelus","Mustelus mustelus","Commercial","IUCN vulnerable",TRUE,TRUE,TRUE,64,64,"modelled","Table 2 pools kelp forest and temperate reef ecosystems; listing alone is not species-specific evidence of a kelp relationship.","Mustelus mustelus","Mustelus mustelus | Smooth houndshark","Smooth houndshark","fish","true","true","Regular distribution overlaps the Ecklonia maxima coast and the species is in the linefish or motivating service-assessment frame."
9,"Dageraad","Chrysoblephus cristiceps","Chrysoblephus cristiceps","Commercial & recreational","Overexploited",TRUE,TRUE,TRUE,36,36,"modelled","Table 2 pools kelp forest and temperate reef ecosystems; listing alone is not species-specific evidence of a kelp relationship.","Chrysoblephus cristiceps","Chrysoblephus cristiceps | Dageraad","Dageraad","fish","true","true","Regular distribution overlaps the Ecklonia maxima coast and the species is in the linefish or motivating service-assessment frame."
10,"Dorado","Coryphaena hippurus","Coryphaena hippurus","Commercial","Unknown",FALSE,,FALSE,0,0,"not_in_rfbf_species_frame","Table 2 pools kelp forest and temperate reef ecosystems; listing alone is not species-specific evidence of a kelp relationship.",,,,,,,
11,"Elf","Pomatomus saltatrix","Pomatomus saltatrix","Commercial & recreational","Unknown",TRUE,TRUE,TRUE,118,118,"modelled","Table 2 pools kelp forest and temperate reef ecosystems; listing alone is not species-specific evidence of a kelp relationship.","Pomatomus saltatrix","Pomatomus saltatrix | Elf","Elf","fish","true","true","Regular distribution overlaps the Ecklonia maxima coast and the species is in the linefish or motivating service-assessment frame."
12,"Englishman","Chrysoblephus anglicus","Chrysoblephus anglicus","Commercial & recreational","Collapsed",TRUE,FALSE,FALSE,0,15,"outside_rfbf_scope","Table 2 pools kelp forest and temperate reef ecosystems; listing alone is not species-specific evidence of a kelp relationship.","Chrysoblephus anglicus","Chrysoblephus anglicus | Englishman","Englishman","fish","true","false","East-coast reef sparid listed from Mozambique to Algoa Bay; outside the kelp-coast assessment region."
13,"Garrick","Lichia amia","Lichia amia","Recreational","Unknown",TRUE,TRUE,TRUE,79,79,"modelled","Table 2 pools kelp forest and temperate reef ecosystems; listing alone is not species-specific evidence of a kelp relationship.","Lichia amia","Lichia amia | Leervis | garrick","Leervis/garrick","fish","true","true","Regular distribution overlaps the Ecklonia maxima coast and the species is in the linefish or motivating service-assessment frame."
14,"Geelbek","Atractoscion aequidens","Atractoscion aequidens","Commercial & recreational","Overexploited",TRUE,TRUE,TRUE,66,66,"modelled","Table 2 pools kelp forest and temperate reef ecosystems; listing alone is not species-specific evidence of a kelp relationship.","Atractoscion aequidens","Atractoscion aequidens | Geelbek","Geelbek","fish","true","true","Regular distribution overlaps the Ecklonia maxima coast and the species is in the linefish or motivating service-assessment frame."
15,"Hottentot","Pachymetopon blochii","Pachymetopon blochii","Commercial & recreational","Sustainable",TRUE,TRUE,TRUE,46,46,"modelled","Table 2 pools kelp forest and temperate reef ecosystems; listing alone is not species-specific evidence of a kelp relationship.","Pachymetopon blochii","Pachymetopon blochii | Hottentot seabream","Hottentot seabream","fish","true","true","Regular distribution overlaps the Ecklonia maxima coast and the species is in the linefish or motivating service-assessment frame."
16,"Janbruin","Gymnocrotaphus curvidens","Gymnocrotaphus curvidens","Recreational","Unknown",TRUE,TRUE,TRUE,35,35,"modelled","Table 2 pools kelp forest and temperate reef ecosystems; listing alone is not species-specific evidence of a kelp relationship.","Gymnocrotaphus curvidens","Gymnocrotaphus curvidens | John Brown","John Brown","fish","true","true","Regular distribution overlaps the Ecklonia maxima coast and the species is in the linefish or motivating service-assessment frame."
17,"Panga","Pterogymnus laniarius","Pterogymnus laniarius","Commercial","Unknown",TRUE,TRUE,TRUE,43,43,"modelled","Table 2 pools kelp forest and temperate reef ecosystems; listing alone is not species-specific evidence of a kelp relationship.","Pterogymnus laniarius","Pterogymnus laniarius | Panga","Panga","fish","true","true","Regular distribution overlaps the Ecklonia maxima coast and the species is in the linefish or motivating service-assessment frame."
18,"Roman","Chrysoblephus laticeps","Chrysoblephus laticeps","Commercial & recreational","Previously depleted",TRUE,TRUE,TRUE,70,70,"modelled","Table 2 pools kelp forest and temperate reef ecosystems; listing alone is not species-specific evidence of a kelp relationship.","Chrysoblephus laticeps","Chrysoblephus laticeps | Red roman","Red roman","fish","true","true","Regular distribution overlaps the Ecklonia maxima coast and the species is in the linefish or motivating service-assessment frame."
19,"Red steenbras","Petrus rupestris","Petrus rupestris","None (previously recreational)","Overexploited",TRUE,TRUE,TRUE,51,52,"modelled","Table 2 pools kelp forest and temperate reef ecosystems; listing alone is not species-specific evidence of a kelp relationship.","Petrus rupestris","Petrus rupestris | Red steenbras","Red steenbras","fish","true","true","Regular distribution overlaps the Ecklonia maxima coast and the species is in the linefish or motivating service-assessment frame."
20,"Red stumpnose","Chrysoblephus gibbiceps","Chrysoblephus gibbiceps","Commercial & recreational","Overexploited",TRUE,TRUE,TRUE,43,43,"modelled","Table 2 pools kelp forest and temperate reef ecosystems; listing alone is not species-specific evidence of a kelp relationship.","Chrysoblephus gibbiceps","Chrysoblephus gibbiceps | Red stumpnose","Red stumpnose","fish","true","true","Regular distribution overlaps the Ecklonia maxima coast and the species is in the linefish or motivating service-assessment frame."
21,"Santer","Cheimerius nufar","Cheimerius nufar","Commercial & recreational","Unknown",TRUE,TRUE,TRUE,70,70,"modelled","Table 2 pools kelp forest and temperate reef ecosystems; listing alone is not species-specific evidence of a kelp relationship.","Cheimerius nufar","Cheimerius nufar | Soldier | santer","Soldier/santer","fish","true","true","Regular distribution overlaps the Ecklonia maxima coast and the species is in the linefish or motivating service-assessment frame."
22,"Scotsman","Polysteganus praeorbitalis","Polysteganus praeorbitalis","Commercial & recreational","Overexploited",FALSE,,FALSE,0,0,"not_in_rfbf_species_frame","Table 2 pools kelp forest and temperate reef ecosystems; listing alone is not species-specific evidence of a kelp relationship.",,,,,,,
23,"Snoek","Thyrsites atun","Thyrsites atun","Commercial & recreational","Optimally/fully exploited",TRUE,TRUE,FALSE,0,0,"no_model_ready_records","Table 2 pools kelp forest and temperate reef ecosystems; listing alone is not species-specific evidence of a kelp relationship.","Thyrsites atun","Thyrsites atun | Snoek","Snoek","fish","true","true","Regular distribution overlaps the Ecklonia maxima coast and the species is in the linefish or motivating service-assessment frame."
24,"Soupfin shark","Galeorhinus galeus","Galeorhinus galeus","Commercial","Fully/overexploited",TRUE,TRUE,TRUE,39,40,"modelled","Table 2 pools kelp forest and temperate reef ecosystems; listing alone is not species-specific evidence of a kelp relationship.","Galeorhinus galeus","Galeorhinus galeus | Soupfin shark","Soupfin shark","fish","true","true","Regular distribution overlaps the Ecklonia maxima coast and the species is in the linefish or motivating service-assessment frame."
25,"Pyjama shark","Poroderma africanum","Poroderma africanum","Recreational","IUCN near threatened",TRUE,TRUE,TRUE,80,80,"modelled","Table 2 pools kelp forest and temperate reef ecosystems; listing alone is not species-specific evidence of a kelp relationship.","Poroderma africanum","Poroderma africanum | Pyjama shark | striped catshark","Pyjama shark/striped catshark","fish","true","true","Regular distribution overlaps the Ecklonia maxima coast and the species is in the linefish or motivating service-assessment frame."
26,"White musselcracker","Sparodon durbanensis","Sparodon durbanensis","Recreational","IUCN vulnerable",TRUE,TRUE,TRUE,53,53,"modelled","Table 2 pools kelp forest and temperate reef ecosystems; listing alone is not species-specific evidence of a kelp relationship.","Sparodon durbanensis","Sparodon durbanensis | White musselcracker","White musselcracker","fish","true","true","Regular distribution overlaps the Ecklonia maxima coast and the species is in the linefish or motivating service-assessment frame."
27,"White stumpnose","Rhabdosargus globiceps","Rhabdosargus globiceps","Commercial & recreational","IUCN vulnerable",TRUE,TRUE,TRUE,91,92,"modelled","Table 2 pools kelp forest and temperate reef ecosystems; listing alone is not species-specific evidence of a kelp relationship.","Rhabdosargus globiceps","Rhabdosargus globiceps | White stumpnose","White stumpnose","fish","true","true","Regular distribution overlaps the Ecklonia maxima coast and the species is in the linefish or motivating service-assessment frame."
28,"Yellow-belly rockcod","Epinephelus marginatus","Epinephelus marginatus","Commercial & recreational","Unknown/IUCN endangered",TRUE,TRUE,TRUE,58,58,"modelled","Table 2 pools kelp forest and temperate reef ecosystems; listing alone is not species-specific evidence of a kelp relationship.","Epinephelus marginatus","Epinephelus marginatus | Yellowbelly rockcod","Yellowbelly rockcod","fish","true","true","Regular distribution overlaps the Ecklonia maxima coast and the species is in the linefish or motivating service-assessment frame."
29,"Yellowtail","Seriola lalandi","Seriola lalandi","Commercial & recreational","Sustainable",TRUE,TRUE,FALSE,0,0,"no_model_ready_records","Table 2 pools kelp forest and temperate reef ecosystems; listing alone is not species-specific evidence of a kelp relationship.","Seriola lalandi","Seriola lalandi | Yellowtail","Yellowtail","fish","true","true","Regular distribution overlaps the Ecklonia maxima coast and the species is in the linefish or motivating service-assessment frame."
30,"Zebra fish","Diplodus cervinus hottentotus","Diplodus hottentotus","Recreational","Unknown",TRUE,TRUE,TRUE,94,94,"modelled","Table 2 pools kelp forest and temperate reef ecosystems; listing alone is not species-specific evidence of a kelp relationship.","Diplodus hottentotus","Diplodus hottentotus | Zebra","Zebra","fish","true","true","Regular distribution overlaps the Ecklonia maxima coast and the species is in the linefish or motivating service-assessment frame."
